source,product_id,product_name,price,currency,source_url,captured_at
books.toscrape.com,098db6c284fd1cae6a70e127,Soumission,50.1,GBP,https://books.toscrape.com/catalogue/soumission_998/index.html,2026-10-04T18:02:42.913807+00:00
books.toscrape.com,11759c402ed15ee3ca2ce6d2,The Four Agreements: A Practical Guide to Personal Freedom,17.66,GBP,https://books.toscrape.com/catalogue/the-four-agreements-a-practical-guide-to-personal-freedom_970/index.html,2026-10-04T18:02:43.769546+00:00
books.toscrape.com,11d15c9a1da0e8a2b0a993a1,Sapiens: A Brief History of Humankind,54.23,GBP,https://books.toscrape.com/catalogue/sapiens-a-brief-history-of-humankind_996/index.html,2026-10-04T18:02:42.913807+00:00
books.toscrape.com,13bbccbb2b886026df363178,This One Summer,19.49,GBP,https://books.toscrape.com/catalogue/this-one-summer_947/index.html,2026-10-04T18:02:44.623672+00:00
books.toscrape.com,25dd72e4625986a9ee22b4b7,The Torch Is Passed: A Harding Family Story,19.09,GBP,https://books.toscrape.com/catalogue/the-torch-is-passed-a-harding-family-story_945/index.html,2026-10-04T18:02:44.623672+00:00
books.toscrape.com,292f5353853f38f228591f74,The Black Maria,52.15,GBP,https://books.toscrape.com/catalogue/the-black-maria_991/index.html,2026-10-04T18:02:42.913807+00:00
books.toscrape.com,345d7e3627488b529846fbeb,Birdsong: A Story in Pictures,54.64,GBP,https://books.toscrape.com/catalogue/birdsong-a-story-in-pictures_975/index.html,2026-10-04T18:02:43.769546+00:00
books.toscrape.com,391b72647ba9c224dd7593a2,The Boys in the Boat: Nine Americans and Their Epic Quest for Gold at the 1936 Berlin Olympics,22.6,GBP,https://books.toscrape.com/catalogue/the-boys-in-the-boat-nine-americans-and-their-epic-quest-for-gold-at-the-1936-berlin-olympics_992/index.html,2026-10-04T18:02:42.913807+00:00
books.toscrape.com,3b310d6c731a36bfac9b0676,Untitled Collection: Sabbath Poems 2014,14.27,GBP,https://books.toscrape.com/catalogue/untitled-collection-sabbath-poems-2014_953/index.html,2026-10-04T18:02:44.623672+00:00
books.toscrape.com,3b50c364d3f2de04ba766006,Libertarianism for Beginners,51.33,GBP,https://books.toscrape.com/catalogue/libertarianism-for-beginners_982/index.html,2026-10-04T18:02:42.913807+00:00
books.toscrape.com,3c62a932c695f800bce06d0b,The Bear and the Piano,36.89,GBP,https://books.toscrape.com/catalogue/the-bear-and-the-piano_967/index.html,2026-10-04T18:02:43.769546+00:00
books.toscrape.com,3e469418a8f4293d8a6628f5,"In a Dark, Dark Wood",19.63,GBP,https://books.toscrape.com/catalogue/in-a-dark-dark-wood_963/index.html,2026-10-04T18:02:43.769546+00:00
books.toscrape.com,489241eda7efb4b31e221b6b,Private Paris (Private #10),47.61,GBP,https://books.toscrape.com/catalogue/private-paris-private-10_958/index.html,2026-10-04T18:02:44.623672+00:00
books.toscrape.com,4dc25d878ae8b33034edae13,Shakespeare's Sonnets,20.66,GBP,https://books.toscrape.com/catalogue/shakespeares-sonnets_989/index.html,2026-10-04T18:02:42.913807+00:00
books.toscrape.com,540106a8959dc2eb0b9a1146,Set Me Free,17.46,GBP,https://books.toscrape.com/catalogue/set-me-free_988/index.html,2026-10-04T18:02:42.913807+00:00
books.toscrape.com,55aae2a0ae21cf1878708b25,Behind Closed Doors,52.22,GBP,https://books.toscrape.com/catalogue/behind-closed-doors_962/index.html,2026-10-04T18:02:43.769546+00:00
books.toscrape.com,62fb7a2173c0a526e6ed94da,"The Pioneer Woman Cooks: Dinnertime: Comfort Classics, Freezer Food, 16-Minute Meals, and Other Delicious Ways to Solve Supper!",56.41,GBP,https://books.toscrape.com/catalogue/the-pioneer-woman-cooks-dinnertime-comfort-classics-freezer-food-16-minute-meals-and-other-delicious-ways-to-solve-supper_943/index.html,2026-10-04T18:02:44.623672+00:00
books.toscrape.com,69937c20bec9d5a663caefde,Rip it Up and Start Again,35.02,GBP,https://books.toscrape.com/catalogue/rip-it-up-and-start-again_986/index.html,2026-10-04T18:02:42.913807+00:00
books.toscrape.com,7f83a3a556b922b9da3007fb,Wall and Piece,44.18,GBP,https://books.toscrape.com/catalogue/wall-and-piece_971/index.html,2026-10-04T18:02:43.769546+00:00
books.toscrape.com,80c974e13d9f97d4995700b2,"Starving Hearts (Triangular Trade Trilogy, #1)",13.99,GBP,https://books.toscrape.com/catalogue/starving-hearts-triangular-trade-trilogy-1_990/index.html,2026-10-04T18:02:42.913807+00:00
books.toscrape.com,8313803c51b4ee2ec05ec122,"Foolproof Preserving: A Guide to Small Batch Jams, Jellies, Pickles, Condiments, and More: A Foolproof Guide to Making Small Batch Jams, Jellies, Pickles, Condiments, and More",30.52,GBP,https://books.toscrape.com/catalogue/foolproof-preserving-a-guide-to-small-batch-jams-jellies-pickles-condiments-and-more-a-foolproof-guide-to-making-small-batch-jams-jellies-pickles-condiments-and-more_978/index.html,2026-10-04T18:02:43.769546+00:00
books.toscrape.com,8496bf8dba16cd78cb4e7d37,A Light in the Attic,51.77,GBP,https://books.toscrape.com/catalogue/a-light-in-the-attic_1000/index.html,2026-10-04T18:02:42.913807+00:00
books.toscrape.com,8957cd33f34b3e337afe824b,"Our Band Could Be Your Life: Scenes from the American Indie Underground, 1981-1991",57.25,GBP,https://books.toscrape.com/catalogue/our-band-could-be-your-life-scenes-from-the-american-indie-underground-1981-1991_985/index.html,2026-10-04T18:02:42.913807+00:00
books.toscrape.com,8a80969ec920ecf02b5ecdeb,The Elephant Tree,23.82,GBP,https://books.toscrape.com/catalogue/the-elephant-tree_968/index.html,2026-10-04T18:02:43.769546+00:00
books.toscrape.com,8aa94bc991cb5eb17066e797,Unicorn Tracks,18.78,GBP,https://books.toscrape.com/catalogue/unicorn-tracks_951/index.html,2026-10-04T18:02:44.623672+00:00
books.toscrape.com,8ab7036ee7571e9e1c0e3842,Aladdin and His Wonderful Lamp,53.13,GBP,https://books.toscrape.com/catalogue/aladdin-and-his-wonderful-lamp_973/index.html,2026-10-04T18:02:43.769546+00:00
books.toscrape.com,956ab5c3fbb5dfcb46075b92,Penny Maybe,33.29,GBP,https://books.toscrape.com/catalogue/penny-maybe_965/index.html,2026-10-04T18:02:43.769546+00:00
books.toscrape.com,97b7319c610ef28b90905be6,You can't bury them all: Poems,33.63,GBP,https://books.toscrape.com/catalogue/you-cant-bury-them-all-poems_961/index.html,2026-10-04T18:02:43.769546+00:00
books.toscrape.com,9ce5c6cb27802209f9db366c,Tipping the Velvet,53.74,GBP,https://books.toscrape.com/catalogue/tipping-the-velvet_999/index.html,2026-10-04T18:02:42.913807+00:00
books.toscrape.com,a0e248164def905feb53cefc,Reasons to Stay Alive,26.41,GBP,https://books.toscrape.com/catalogue/reasons-to-stay-alive_959/index.html,2026-10-04T18:02:44.623672+00:00
books.toscrape.com,a409c6600a9f46d0e2682deb,The Dirty Little Secrets of Getting Your Dream Job,33.34,GBP,https://books.toscrape.com/catalogue/the-dirty-little-secrets-of-getting-your-dream-job_994/index.html,2026-10-04T18:02:42.913807+00:00
books.toscrape.com,a7dc180c2ac9aeafd3baa944,Chase Me (Paris Nights #2),25.27,GBP,https://books.toscrape.com/catalogue/chase-me-paris-nights-2_977/index.html,2026-10-04T18:02:43.769546+00:00
books.toscrape.com,a9a060cd860401fcd14f2479,Maude (1883-1993):She Grew Up with the country,18.02,GBP,https://books.toscrape.com/catalogue/maude-1883-1993she-grew-up-with-the-country_964/index.html,2026-10-04T18:02:43.769546+00:00
books.toscrape.com,aac020c8433bb0033114ee14,The Requiem Red,22.65,GBP,https://books.toscrape.com/catalogue/the-requiem-red_995/index.html,2026-10-04T18:02:42.913807+00:00
books.toscrape.com,af32609986f83e193da27a88,The Natural History of Us (The Fine Art of Pretending #2),45.22,GBP,https://books.toscrape.com/catalogue/the-natural-history-of-us-the-fine-art-of-pretending-2_941/index.html,2026-10-04T18:02:44.623672+00:00
books.toscrape.com,b258f468465239e6d18de8b6,Worlds Elsewhere: Journeys Around Shakespeare’s Globe,40.3,GBP,https://books.toscrape.com/catalogue/worlds-elsewhere-journeys-around-shakespeares-globe_972/index.html,2026-10-04T18:02:43.769546+00:00
books.toscrape.com,b25e18865d7a8f4ce0cb3113,"The Coming Woman: A Novel Based on the Life of the Infamous Feminist, Victoria Woodhull",17.93,GBP,https://books.toscrape.com/catalogue/the-coming-woman-a-novel-based-on-the-life-of-the-infamous-feminist-victoria-woodhull_993/index.html,2026-10-04T18:02:42.913807+00:00
books.toscrape.com,b8d6b4a9b3a448f1352592af,In Her Wake,12.84,GBP,https://books.toscrape.com/catalogue/in-her-wake_980/index.html,2026-10-04T18:02:43.769546+00:00
books.toscrape.com,bf05f3e3d807c3cd8cb945dd,The Five Love Languages: How to Express Heartfelt Commitment to Your Mate,31.05,GBP,https://books.toscrape.com/catalogue/the-five-love-languages-how-to-express-heartfelt-commitment-to-your-mate_969/index.html,2026-10-04T18:02:43.769546+00:00
books.toscrape.com,c2c0d0daffce6f4038f66104,Olio,23.88,GBP,https://books.toscrape.com/catalogue/olio_984/index.html,2026-10-04T18:02:42.913807+00:00
books.toscrape.com,c3339e3b301980b0e732bfcf,"We Love You, Charlie Freeman",50.27,GBP,https://books.toscrape.com/catalogue/we-love-you-charlie-freeman_954/index.html,2026-10-04T18:02:44.623672+00:00
books.toscrape.com,cb84a263fde4075e5ebda0e6,The Past Never Ends,56.5,GBP,https://books.toscrape.com/catalogue/the-past-never-ends_942/index.html,2026-10-04T18:02:44.623672+00:00
books.toscrape.com,cd139092c01680f803510a2e,"Unbound: How Eight Technologies Made Us Human, Transformed Society, and Brought Our World to the Brink",25.52,GBP,https://books.toscrape.com/catalogue/unbound-how-eight-technologies-made-us-human-transformed-society-and-brought-our-world-to-the-brink_950/index.html,2026-10-04T18:02:44.623672+00:00
books.toscrape.com,cee40da926146194ff81b744,America's Cradle of Quarterbacks: Western Pennsylvania's Football Factory from Johnny Unitas to Joe Montana,22.5,GBP,https://books.toscrape.com/catalogue/americas-cradle-of-quarterbacks-western-pennsylvanias-football-factory-from-johnny-unitas-to-joe-montana_974/index.html,2026-10-04T18:02:43.769546+00:00
books.toscrape.com,d3b2cee7f9ca603182e72373,Throwing Rocks at the Google Bus: How Growth Became the Enemy of Prosperity,31.12,GBP,https://books.toscrape.com/catalogue/throwing-rocks-at-the-google-bus-how-growth-became-the-enemy-of-prosperity_948/index.html,2026-10-04T18:02:44.623672+00:00
books.toscrape.com,d794ce0441e9dcd19558e8ec,Black Dust,34.53,GBP,https://books.toscrape.com/catalogue/black-dust_976/index.html,2026-10-04T18:02:43.769546+00:00
books.toscrape.com,df2ddbfb522e858ca4028321,The Secret of Dreadwillow Carse,56.13,GBP,https://books.toscrape.com/catalogue/the-secret-of-dreadwillow-carse_944/index.html,2026-10-04T18:02:44.623672+00:00
books.toscrape.com,e170824c238f69a4c91b4a40,It's Only the Himalayas,45.17,GBP,https://books.toscrape.com/catalogue/its-only-the-himalayas_981/index.html,2026-10-04T18:02:42.913807+00:00
books.toscrape.com,e357c11b85d94d1d0c0ba294,Sophie's World,15.94,GBP,https://books.toscrape.com/catalogue/sophies-world_966/index.html,2026-10-04T18:02:43.769546+00:00
books.toscrape.com,e3c3e9c82f239ae5d4b89ff4,How Music Works,37.32,GBP,https://books.toscrape.com/catalogue/how-music-works_979/index.html,2026-10-04T18:02:43.769546+00:00
books.toscrape.com,e4d2875a79dec79068c629a5,Sharp Objects,47.82,GBP,https://books.toscrape.com/catalogue/sharp-objects_997/index.html,2026-10-04T18:02:42.913807+00:00
books.toscrape.com,e55495beb87bcc281ee12d56,When We Collided,31.77,GBP,https://books.toscrape.com/catalogue/when-we-collided_955/index.html,2026-10-04T18:02:44.623672+00:00
books.toscrape.com,e7c67e70aacefcae6fe9c273,Slow States of Collapse: Poems,57.31,GBP,https://books.toscrape.com/catalogue/slow-states-of-collapse-poems_960/index.html,2026-10-04T18:02:44.623672+00:00
books.toscrape.com,e9c2e6b5e596965d8570272c,"Unseen City: The Majesty of Pigeons, the Discreet Charm of Snails & Other Wonders of the Urban Wilderness",44.18,GBP,https://books.toscrape.com/catalogue/unseen-city-the-majesty-of-pigeons-the-discreet-charm-of-snails-other-wonders-of-the-urban-wilderness_952/index.html,2026-10-04T18:02:44.623672+00:00
books.toscrape.com,ef1bc1a9943f1c6993f1cf52,Mesaerion: The Best Science Fiction Stories 1800-1849,37.59,GBP,https://books.toscrape.com/catalogue/mesaerion-the-best-science-fiction-stories-1800-1849_983/index.html,2026-10-04T18:02:42.913807+00:00
books.toscrape.com,f0022e7e3255e5cc2a6d7fc2,Scott Pilgrim's Precious Little Life (Scott Pilgrim #1),52.29,GBP,https://books.toscrape.com/catalogue/scott-pilgrims-precious-little-life-scott-pilgrim-1_987/index.html,2026-10-04T18:02:42.913807+00:00
books.toscrape.com,f45a322c1a78d064a64d9d07,#HigherSelfie: Wake Up Your Life. Free Your Soul. Find Your Tribe.,23.11,GBP,https://books.toscrape.com/catalogue/higherselfie-wake-up-your-life-free-your-soul-find-your-tribe_957/index.html,2026-10-04T18:02:44.623672+00:00
books.toscrape.com,faae5a7a316f9f0f8dd55ae1,Tsubasa: WoRLD CHRoNiCLE 2 (Tsubasa WoRLD CHRoNiCLE #2),16.28,GBP,https://books.toscrape.com/catalogue/tsubasa-world-chronicle-2-tsubasa-world-chronicle-2_949/index.html,2026-10-04T18:02:44.623672+00:00
books.toscrape.com,fd700b738e80e3b751631a6b,Thirst,17.27,GBP,https://books.toscrape.com/catalogue/thirst_946/index.html,2026-10-04T18:02:44.623672+00:00
books.toscrape.com,fdc6466ba9b86cd0645cc6b0,Without Borders (Wanderlove #1),45.07,GBP,https://books.toscrape.com/catalogue/without-borders-wanderlove-1_956/index.html,2026-10-04T18:02:44.623672+00:00
